{
  "best_trial": {
    "best_epoch": 153,
    "best_val_metrics": {
      "clean_target_mean_margin": 7.183907429377238,
      "clean_target_min_margin": 5.2464728757018975,
      "clear_loss": 0.5211691095911223,
      "joint_loss": 0.0,
      "loss": 3.324767392257164,
      "mean_accuracy": 73.8505740960439,
      "mean_macro_f1": 0.5604031437823566,
      "potted_class_loss": 1.1765337565849567,
      "potted_loss": 2.2596843324858567,
      "potted_ordinal_loss": 4.332602254275618,
      "task_metrics": {
        "clear": {
          "accuracy": 76.7241358757019,
          "macro_f1": 0.7608247422680412,
          "macro_precision": 0.7727272727272727,
          "macro_recall": 0.7587601078167115
        },
        "potted_after_break": {
          "accuracy": 70.68965435028076,
          "macro_f1": 0.28243212977815435,
          "macro_precision": 0.2564095981040782,
          "macro_recall": 0.32150793650793646
        },
        "win": {
          "accuracy": 74.13793206214905,
          "macro_f1": 0.6379525593008739,
          "macro_precision": 0.6587190275829826,
          "macro_recall": 0.6288425047438331
        }
      },
      "win_loss": 0.5439139625121807
    },
    "clear_weight": 1.0,
    "dropout_rate": 0.1,
    "epochs_ran": 213,
    "hyperparameters": {
      "bias_hidden_dim": 32,
      "d_model": 64,
      "dropout_rate": 0.1,
      "ffn_dim": 128,
      "num_ball_ids": 11,
      "num_heads": 4,
      "num_layers": 2,
      "num_potted_classes": 10,
      "num_potted_thresholds": 9,
      "num_token_types": 4,
      "pair_feature_dim": 10,
      "pooling": "cls_mean",
      "use_joint_head": false
    },
    "joint_marginal_weight": 0.0,
    "learning_rate": 0.0003,
    "parameter_count": 74682,
    "pooling": "cls_mean",
    "potted_ce_beta": 0.99,
    "potted_ce_weighting": "none",
    "potted_head": "hybrid",
    "potted_label_smoothing": 0.0,
    "potted_ordinal_weight": 0.25,
    "potted_weight": 1.0,
    "selection_metric": "clean_target_min_margin",
    "test_metrics": {
      "clean_target_mean_margin": 1.8900354703267415,
      "clean_target_min_margin": -2.0618552760009834,
      "clear_loss": 0.5844504171630361,
      "joint_loss": 0.0,
      "loss": 3.5931363990626384,
      "mean_accuracy": 68.55670213699341,
      "mean_macro_f1": 0.5358968901324088,
      "potted_class_loss": 1.1435105087830848,
      "potted_loss": 2.4084821386435595,
      "potted_ordinal_loss": 5.059886527634978,
      "task_metrics": {
        "clear": {
          "accuracy": 69.41580772399902,
          "macro_f1": 0.6927785339988077,
          "macro_precision": 0.7093543772209147,
          "macro_recall": 0.7017998060515476
        },
        "potted_after_break": {
          "accuracy": 65.80756306648254,
          "macro_f1": 0.28203050075158637,
          "macro_precision": 0.2631965494337209,
          "macro_recall": 0.3106356870827672
        },
        "win": {
          "accuracy": 70.44673562049866,
          "macro_f1": 0.6328816356468323,
          "macro_precision": 0.6638750826596131,
          "macro_recall": 0.6270881376905337
        }
      },
      "win_loss": 0.6002038338340026
    },
    "trial_index": 0,
    "trial_name": "hybrid_d64_clsmean_ord0.25",
    "use_joint_head": false,
    "weight_decay": 0.01,
    "win_weight": 1.0
  },
  "final_checkpoint_path": "Output/reproduction_check_20260707/blformer_paper40/blformer_unified_capacity_current_20260707/BLFormer_final_full_train.pt",
  "final_full_train": {
    "clear_weight": 1.0,
    "dropout_rate": 0.1,
    "epochs": 153,
    "hyperparameters": {
      "bias_hidden_dim": 32,
      "d_model": 64,
      "dropout_rate": 0.1,
      "ffn_dim": 128,
      "num_ball_ids": 11,
      "num_heads": 4,
      "num_layers": 2,
      "num_potted_classes": 10,
      "num_potted_thresholds": 9,
      "num_token_types": 4,
      "pair_feature_dim": 10,
      "pooling": "cls_mean",
      "use_joint_head": false
    },
    "joint_marginal_weight": 0.0,
    "learning_rate": 0.0003,
    "parameter_count": 74682,
    "pooling": "cls_mean",
    "potted_ce_beta": 0.99,
    "potted_ce_weighting": "none",
    "potted_head": "hybrid",
    "potted_label_smoothing": 0.0,
    "potted_ordinal_weight": 0.25,
    "potted_weight": 1.0,
    "test_metrics": {
      "clean_target_mean_margin": 1.4604806900024414,
      "clean_target_min_margin": -1.8041247919921943,
      "clear_loss": 0.5634498351423192,
      "joint_loss": 0.0,
      "loss": 3.5433552666628074,
      "mean_accuracy": 68.12714735666911,
      "mean_macro_f1": 0.5317712764265217,
      "potted_class_loss": 1.1242751415652508,
      "potted_loss": 2.387915547361079,
      "potted_ordinal_loss": 5.054561641208085,
      "task_metrics": {
        "clear": {
          "accuracy": 69.67353820800781,
          "macro_f1": 0.6960064277137448,
          "macro_precision": 0.7079190793546742,
          "macro_recall": 0.7031743489826603
        },
        "potted_after_break": {
          "accuracy": 64.17526006698608,
          "macro_f1": 0.2657042314346524,
          "macro_precision": 0.25044986032687455,
          "macro_recall": 0.28819595311130397
        },
        "win": {
          "accuracy": 70.53264379501343,
          "macro_f1": 0.6336031701311681,
          "macro_precision": 0.6651650495405308,
          "macro_recall": 0.6277349682209348
        }
      },
      "win_loss": 0.5919899041300377
    },
    "train_metrics": {
      "clean_target_mean_margin": 4.3384889761606855,
      "clean_target_min_margin": 1.8470769330139092,
      "clear_loss": 0.5296911099522384,
      "joint_loss": 0.0,
      "loss": 3.3436306235716513,
      "mean_accuracy": 71.00515564282735,
      "mean_macro_f1": 0.5362965524070279,
      "potted_class_loss": 1.1051912811613573,
      "potted_loss": 2.290244249953437,
      "potted_ordinal_loss": 4.740211840757389,
      "task_metrics": {
        "clear": {
          "accuracy": 73.32473993301392,
          "macro_f1": 0.7282724718388365,
          "macro_precision": 0.741772205217489,
          "macro_recall": 0.7291061010251532
        },
        "potted_after_break": {
          "accuracy": 65.20618796348572,
          "macro_f1": 0.2550651933367817,
          "macro_precision": 0.2391893205188084,
          "macro_recall": 0.2768556748039353
        },
        "win": {
          "accuracy": 74.48453903198242,
          "macro_f1": 0.6255519920454656,
          "macro_precision": 0.6752644507946057,
          "macro_recall": 0.6156084656084656
        }
      },
      "win_loss": 0.5236952501473967
    },
    "train_size": 776,
    "trial_name": "hybrid_d64_clsmean_ord0.25",
    "use_joint_head": false,
    "weight_decay": 0.01,
    "win_weight": 1.0
  },
  "final_predictions_path": "Output/reproduction_check_20260707/blformer_paper40/blformer_unified_capacity_current_20260707/test_predictions_final_full_train.csv",
  "history_path": "Output/reproduction_check_20260707/blformer_paper40/blformer_unified_capacity_current_20260707/history.csv",
  "search_results_path": "Output/reproduction_check_20260707/blformer_paper40/blformer_unified_capacity_current_20260707/search_results.json",
  "split_notes": [
    "re-splits stored train+val with validation ratio 0.15",
    "uses stored test indices as held-out test set"
  ],
  "split_sizes": {
    "final_train": 776,
    "test": 1164,
    "train": 660,
    "val": 116
  },
  "validation_checkpoint_path": "Output/reproduction_check_20260707/blformer_paper40/blformer_unified_capacity_current_20260707/BLFormer_selected_val.pt",
  "validation_predictions_path": "Output/reproduction_check_20260707/blformer_paper40/blformer_unified_capacity_current_20260707/test_predictions_selected_val.csv"
}