{
  "best_trial": {
    "best_epoch": 259,
    "best_val_metrics": {
      "clean_target_mean_margin": 9.482759237289429,
      "clean_target_min_margin": 7.8326826497192314,
      "clear_loss": 0.513502658441149,
      "joint_loss": 1.5353223948643124,
      "loss": 1.8880543133308147,
      "mean_accuracy": 76.1494259039561,
      "mean_macro_f1": 0.6113984206293436,
      "potted_class_loss": 1.091411775556104,
      "potted_loss": 1.091411775556104,
      "potted_ordinal_loss": 3.6982004478059967,
      "task_metrics": {
        "clear": {
          "accuracy": 79.31034564971924,
          "macro_f1": 0.7900452488687782,
          "macro_precision": 0.7934815717331709,
          "macro_recall": 0.7885594489368074
        },
        "potted_after_break": {
          "accuracy": 71.55172228813171,
          "macro_f1": 0.3302980206093854,
          "macro_precision": 0.36648829431438124,
          "macro_recall": 0.3462698412698413
        },
        "win": {
          "accuracy": 77.58620977401733,
          "macro_f1": 0.7138519924098672,
          "macro_precision": 0.7138519924098672,
          "macro_recall": 0.7138519924098672
        }
      },
      "win_loss": 0.5114768209128544
    },
    "clear_weight": 1.0,
    "dropout_rate": 0.1,
    "epochs_ran": 319,
    "hyperparameters": {
      "bias_hidden_dim": 32,
      "d_model": 80,
      "dropout_rate": 0.1,
      "ffn_dim": 160,
      "num_ball_ids": 11,
      "num_heads": 4,
      "num_layers": 2,
      "num_potted_classes": 10,
      "num_potted_thresholds": 9,
      "num_token_types": 4,
      "pair_feature_dim": 10,
      "pooling": "cls_mean",
      "use_joint_head": true
    },
    "joint_marginal_weight": 0.5,
    "learning_rate": 0.0003,
    "parameter_count": 121426,
    "pooling": "cls_mean",
    "potted_ce_beta": 0.99,
    "potted_ce_weighting": "none",
    "potted_head": "class",
    "potted_label_smoothing": 0.0,
    "potted_ordinal_weight": 1.0,
    "potted_weight": 1.0,
    "selection_metric": "clean_target_min_margin",
    "test_metrics": {
      "clean_target_mean_margin": 2.8636892636617026,
      "clean_target_min_margin": 0.3436451359863213,
      "clear_loss": 0.5898606162710288,
      "joint_loss": 1.5343283832687693,
      "loss": 1.9175015954217551,
      "mean_accuracy": 69.53035593032837,
      "mean_macro_f1": 0.5640444462467906,
      "potted_class_loss": 1.1025971415935922,
      "potted_loss": 1.1025971415935922,
      "potted_ordinal_loss": 4.264415908105595,
      "task_metrics": {
        "clear": {
          "accuracy": 71.82130813598633,
          "macro_f1": 0.718199747274939,
          "macro_precision": 0.7223689880094497,
          "macro_recall": 0.721915285451197
        },
        "potted_after_break": {
          "accuracy": 67.09622144699097,
          "macro_f1": 0.33840407889321833,
          "macro_precision": 0.3519283189143626,
          "macro_recall": 0.3417467774408137
        },
        "win": {
          "accuracy": 69.67353820800781,
          "macro_f1": 0.6355295125722147,
          "macro_precision": 0.6530623365300785,
          "macro_recall": 0.6301138487905427
        }
      },
      "win_loss": 0.6065813923619457
    },
    "trial_index": 3,
    "trial_name": "joint_d80_clsmean_marg0.5",
    "use_joint_head": true,
    "weight_decay": 0.01,
    "win_weight": 1.0
  },
  "final_checkpoint_path": "Output/reproduction_check_20260707/blformer_paper40/blformer_joint_head_current_20260707/BLFormer_final_full_train.pt",
  "final_full_train": {
    "clear_weight": 1.0,
    "dropout_rate": 0.1,
    "epochs": 259,
    "hyperparameters": {
      "bias_hidden_dim": 32,
      "d_model": 80,
      "dropout_rate": 0.1,
      "ffn_dim": 160,
      "num_ball_ids": 11,
      "num_heads": 4,
      "num_layers": 2,
      "num_potted_classes": 10,
      "num_potted_thresholds": 9,
      "num_token_types": 4,
      "pair_feature_dim": 10,
      "pooling": "cls_mean",
      "use_joint_head": true
    },
    "joint_marginal_weight": 0.5,
    "learning_rate": 0.0003,
    "parameter_count": 121426,
    "pooling": "cls_mean",
    "potted_ce_beta": 0.99,
    "potted_ce_weighting": "none",
    "potted_head": "class",
    "potted_label_smoothing": 0.0,
    "potted_ordinal_weight": 1.0,
    "potted_weight": 1.0,
    "test_metrics": {
      "clean_target_mean_margin": 2.1191279093424478,
      "clean_target_min_margin": -1.3745719984893867,
      "clear_loss": 0.5916685117888696,
      "joint_loss": 1.511250249708641,
      "loss": 1.8938530531945508,
      "mean_accuracy": 68.78579457600911,
      "mean_macro_f1": 0.5539352313328983,
      "potted_class_loss": 1.0959590194151574,
      "potted_loss": 1.0959590194151574,
      "potted_ordinal_loss": 4.300751635299106,
      "task_metrics": {
        "clear": {
          "accuracy": 70.10309100151062,
          "macro_f1": 0.7001243707432633,
          "macro_precision": 0.7136522255916371,
          "macro_recall": 0.7078940578820474
        },
        "potted_after_break": {
          "accuracy": 66.58075451850891,
          "macro_f1": 0.32739489693137414,
          "macro_precision": 0.36938848353253395,
          "macro_recall": 0.3353680912034213
        },
        "win": {
          "accuracy": 69.67353820800781,
          "macro_f1": 0.6342864263240576,
          "macro_precision": 0.6529470906120398,
          "macro_recall": 0.6288499650943116
        }
      },
      "win_loss": 0.6079892163833802
    },
    "train_metrics": {
      "clean_target_mean_margin": 6.61512017250061,
      "clean_target_min_margin": 3.9089327260131768,
      "clear_loss": 0.5035484408594898,
      "joint_loss": 1.289164564044205,
      "loss": 1.6167405905182828,
      "mean_accuracy": 73.28178683916728,
      "mean_macro_f1": 0.5828027454980821,
      "potted_class_loss": 0.9481209098678274,
      "potted_loss": 0.9481209098678274,
      "potted_ordinal_loss": 3.6568750745242404,
      "task_metrics": {
        "clear": {
          "accuracy": 75.38659572601318,
          "macro_f1": 0.7524348791955837,
          "macro_precision": 0.7549526270456504,
          "macro_recall": 0.7520506389744477
        },
        "potted_after_break": {
          "accuracy": 69.45876479148865,
          "macro_f1": 0.34816260895732853,
          "macro_precision": 0.40683907606515735,
          "macro_recall": 0.35085486205735983
        },
        "win": {
          "accuracy": 75.0,
          "macro_f1": 0.6478107483413342,
          "macro_precision": 0.6830541609277114,
          "macro_recall": 0.6362433862433863
        }
      },
      "win_loss": 0.5137866907513019
    },
    "train_size": 776,
    "trial_name": "joint_d80_clsmean_marg0.5",
    "use_joint_head": true,
    "weight_decay": 0.01,
    "win_weight": 1.0
  },
  "final_predictions_path": "Output/reproduction_check_20260707/blformer_paper40/blformer_joint_head_current_20260707/test_predictions_final_full_train.csv",
  "history_path": "Output/reproduction_check_20260707/blformer_paper40/blformer_joint_head_current_20260707/history.csv",
  "search_results_path": "Output/reproduction_check_20260707/blformer_paper40/blformer_joint_head_current_20260707/search_results.json",
  "split_notes": [
    "re-splits stored train+val with validation ratio 0.15",
    "uses stored test indices as held-out test set"
  ],
  "split_sizes": {
    "final_train": 776,
    "test": 1164,
    "train": 660,
    "val": 116
  },
  "validation_checkpoint_path": "Output/reproduction_check_20260707/blformer_paper40/blformer_joint_head_current_20260707/BLFormer_selected_val.pt",
  "validation_predictions_path": "Output/reproduction_check_20260707/blformer_paper40/blformer_joint_head_current_20260707/test_predictions_selected_val.csv"
}